order_id,customer_id,product,category,quantity,unit_price,discount_pct,order_date,city,payment_method,order_status,rejection_reason
100016,C1881,Laptop,Electronics,-1,63972.99,15,2026-10-02,Hyderabad,Debit Card,COMPLETED,Quantity must be greater than 0; 
100040,C1853,Mechanical Keyboard,Electronics,6,6114.91,20,,Kolkata,COD,COMPLETED,Invalid order_date; 
100043,C1927,Mouse,Electronics,1,832.23,20,,Kolkata,UPI,COMPLETED,Invalid order_date; 
100056,C1868,Monitor,Electronics,-2,16800.21,10,2026-06-08,Chennai,Debit Card,SHIPPED,Quantity must be greater than 0; 
100065,C1324,Backpack,Accessories,5,2736.25,10,,Ahmedabad,Net Banking,COMPLETED,Invalid order_date; 
100066,C1761,Printer,Electronics,4,12988.6,0,,Ahmedabad,Net Banking,CANCELLED,Invalid order_date; 
100094,C1852,Webcam,Electronics,0,4132.1,0,2026-06-04,Kolkata,COD,COMPLETED,Quantity must be greater than 0; 
100100,,Desk Lamp,Furniture,1,1652.62,15,2026-02-20,Delhi,Credit Card,COMPLETED,Missing customer_id; 
100113,C1640,Backpack,Accessories,-1,2277.67,10,2026-03-09,Hyderabad,Net Banking,CANCELLED,Quantity must be greater than 0; 
100128,C1306,Laptop,Electronics,-1,56838.74,0,2026-05-31,Pune,Debit Card,SHIPPED,Quantity must be greater than 0; 
100153,C1459,SSD 1TB,Electronics,5,7196.7,5,,Delhi,COD,COMPLETED,Invalid order_date; 
100157,C1301,Backpack,Accessories,5,2579.07,0,,Ahmedabad,Credit Card,SHIPPED,Invalid order_date; 
100165,,Office Chair,Furniture,6,12944.67,0,2026-06-29,Kolkata,Credit Card,COMPLETED,Missing customer_id; 
100173,,Laptop Stand,Accessories,5,1831.71,15,2026-07-01,Bengaluru,Net Banking,CANCELLED,Missing customer_id; 
100178,C1078,Router,Electronics,6,2829.47,10,,Pune,Debit Card,CANCELLED,Invalid order_date; 
100216,C1886,Power Bank,Electronics,-5,1952.15,0,2026-08-12,Chennai,Net Banking,SHIPPED,Quantity must be greater than 0; 
100233,,Smartwatch,Electronics,2,9723.01,0,2026-08-10,Ahmedabad,UPI,COMPLETED,Missing customer_id; 
100241,C1348,Desk Lamp,Furniture,2,1510.04,15,,Pune,Net Banking,COMPLETED,Invalid order_date; 
100286,C1260,Laptop,Electronics,6,54922.22,0,,Chennai,Debit Card,CANCELLED,Invalid order_date; 
100287,C1065,Mechanical Keyboard,Electronics,0,7347.44,0,2026-08-30,Kolkata,Debit Card,SHIPPED,Quantity must be greater than 0; 
100299,C1152,Desk,Furniture,4,16292.95,10,,Delhi,Credit Card,COMPLETED,Invalid order_date; 
100304,C1959,Webcam,Electronics,-5,3983.38,20,2026-09-03,Delhi,COD,CANCELLED,Quantity must be greater than 0; 
100317,,Smartwatch,Electronics,2,10323.63,0,2026-06-03,Bengaluru,UPI,COMPLETED,Missing customer_id; 
100346,C1353,Laptop,Electronics,-2,52881.89,5,2026-02-13,Bengaluru,Credit Card,COMPLETED,Quantity must be greater than 0; 
100363,,Monitor,Electronics,3,16238.01,20,2026-07-07,Ahmedabad,UPI,CANCELLED,Missing customer_id; 
100367,,SSD 1TB,Electronics,5,6540.28,10,2026-03-28,Pune,Debit Card,COMPLETED,Missing customer_id; 
100368,C1586,Office Chair,Furniture,5,13747.76,15,,Mumbai,Net Banking,COMPLETED,Invalid order_date; 
100397,,Tablet,Electronics,3,28200.38,0,2026-02-09,Jaipur,Net Banking,PENDING,Missing customer_id; 
100409,,Keyboard,Electronics,5,2196.68,0,2026-07-21,Bengaluru,COD,PENDING,Missing customer_id; 
100428,C1589,Smartphone,Electronics,-1,39569.66,20,2026-03-30,Mumbai,Credit Card,PENDING,Quantity must be greater than 0; 
100439,,Keyboard,Electronics,2,2385.11,0,2026-03-27,Bengaluru,Debit Card,SHIPPED,Missing customer_id; 
100469,C1377,Backpack,Accessories,-2,2422.71,0,2026-01-16,Delhi,Debit Card,SHIPPED,Quantity must be greater than 0; 
100474,,Desk,Furniture,6,20521.93,15,2026-05-21,Chennai,Net Banking,COMPLETED,Missing customer_id; 
100530,C1754,Mechanical Keyboard,Electronics,6,5948.82,0,2026-05-29,Pune,Credit Card,CANCELLED,Duplicate order_id; 
100538,C1559,Desk Lamp,Furniture,2,1732.55,0,2026-05-31,Jaipur,Credit Card,CANCELLED,Duplicate order_id; 
100552,,Laptop Stand,Accessories,3,1750.12,5,2026-07-27,Chennai,Debit Card,COMPLETED,Missing customer_id; 
100558,C1586,Desk Lamp,Furniture,-2,1617.83,0,2026-06-06,Delhi,Debit Card,COMPLETED,Quantity must be greater than 0; 
100575,,Router,Electronics,6,3516.46,20,2026-05-15,Kochi,COD,PENDING,Missing customer_id; 
100591,,Smartwatch,Electronics,1,8798.82,0,2026-09-02,Delhi,UPI,COMPLETED,Missing customer_id; 
100630,,Backpack,Accessories,1,2410.8,0,2026-08-26,Mumbai,Credit Card,CANCELLED,Missing customer_id; 
100639,C1992,Mechanical Keyboard,Electronics,-2,6677.12,5,2026-08-11,Ahmedabad,COD,COMPLETED,Quantity must be greater than 0; 
100644,,Smartphone,Electronics,2,31464.33,15,2026-07-19,Chennai,Credit Card,COMPLETED,Missing customer_id; 
100654,,Mouse,Electronics,6,904.98,10,2026-03-04,Hyderabad,Net Banking,CANCELLED,Missing customer_id; 
100666,C1289,Power Bank,Electronics,4,2293.0,0,,Ahmedabad,UPI,COMPLETED,Invalid order_date; 
100670,C1503,Keyboard,Electronics,4,2725.76,0,2026-07-04,Ahmedabad,Net Banking,COMPLETED,Duplicate order_id; 
100702,C1312,Power Bank,Electronics,0,2129.64,0,2026-01-10,Pune,Debit Card,COMPLETED,Quantity must be greater than 0; 
100707,C1668,USB Cable,Accessories,-2,506.2,20,2026-04-14,Mumbai,Debit Card,CANCELLED,Quantity must be greater than 0; 
100719,,Mouse,Electronics,2,749.88,5,2026-06-05,Hyderabad,Net Banking,COMPLETED,Missing customer_id; 
100730,,Mechanical Keyboard,Electronics,2,5620.39,0,2026-01-29,Pune,UPI,COMPLETED,Missing customer_id; 
100736,C1644,Router,Electronics,-5,3184.32,15,2026-05-28,Chennai,COD,COMPLETED,Quantity must be greater than 0; 
100779,C1447,USB Cable,Accessories,-1,445.58,20,2026-08-01,Jaipur,COD,SHIPPED,Quantity must be greater than 0; 
100800,,Router,Electronics,1,3378.08,0,2026-04-23,Hyderabad,Debit Card,COMPLETED,Missing customer_id; 
100802,C1980,Monitor,Electronics,1,16603.98,0,,Kochi,Credit Card,COMPLETED,Invalid order_date; 
100803,C1712,Headphones,Electronics,3,2815.11,15,,Jaipur,Debit Card,SHIPPED,Invalid order_date; 
100826,C1796,Headphones,Electronics,1,3341.66,0,,Kolkata,Credit Card,COMPLETED,Invalid order_date; 
100415,C1254,SSD 1TB,Electronics,4,7028.27,15,2026-06-03,Hyderabad,Credit Card,COMPLETED,Duplicate order_id; 
100878,,Router,Electronics,3,2783.47,10,2026-07-12,Bengaluru,UPI,SHIPPED,Missing customer_id; 
100886,C1899,USB Cable,Accessories,3,449.5,0,2026-07-04,Chennai,Debit Card,COMPLETED,Duplicate order_id; 
100891,,Webcam,Electronics,5,4653.13,20,2026-09-27,Ahmedabad,COD,CANCELLED,Missing customer_id; 
100373,C1223,Tablet,Electronics,2,27955.61,0,2026-05-26,Pune,COD,PENDING,Duplicate order_id; 
100962,,Tablet,Electronics,2,28840.7,20,2026-05-25,Delhi,Net Banking,COMPLETED,Missing customer_id; 
100968,,Desk,Furniture,4,18924.81,0,2026-01-22,Kochi,Credit Card,COMPLETED,Missing customer_id; 
100994,C1764,Desk Lamp,Furniture,-1,1778.38,0,2026-08-11,Ahmedabad,UPI,COMPLETED,Quantity must be greater than 0; 
101014,C1051,Backpack,Accessories,4,2846.99,20,2026-02-26,Bengaluru,COD,PENDING,Duplicate order_id; 
101022,C1790,Headphones,Electronics,-2,2605.32,20,2026-01-19,Mumbai,COD,COMPLETED,Quantity must be greater than 0; 
100417,C1823,USB Cable,Accessories,1,426.79,20,2026-04-24,Mumbai,Credit Card,SHIPPED,Duplicate order_id; 
100566,C1793,Desk,Furniture,4,18279.03,0,2026-02-11,Hyderabad,Credit Card,PENDING,Duplicate order_id; 
101051,C1447,Headphones,Electronics,-5,2571.65,10,2026-06-12,Chennai,Debit Card,COMPLETED,Quantity must be greater than 0; 
101070,C1020,Office Chair,Furniture,-1,13517.04,0,2026-04-09,Bengaluru,COD,CANCELLED,Quantity must be greater than 0; 
101074,,Keyboard,Electronics,2,2319.72,10,2026-04-27,Ahmedabad,Debit Card,COMPLETED,Missing customer_id; 
101075,C1868,Laptop,Electronics,-5,63199.22,10,2026-05-10,Ahmedabad,Net Banking,COMPLETED,Quantity must be greater than 0; 
101094,C1683,Printer,Electronics,6,14805.73,5,,Kochi,COD,COMPLETED,Invalid order_date; 
101098,C1075,SSD 1TB,Electronics,-1,7114.85,0,2026-05-29,Jaipur,Credit Card,CANCELLED,Quantity must be greater than 0; 
101103,C1902,Tablet,Electronics,6,24349.17,0,,Delhi,Credit Card,PENDING,Invalid order_date; 
101105,C1193,Mechanical Keyboard,Electronics,3,7064.7,0,2026-05-07,Kolkata,Debit Card,COMPLETED,Duplicate order_id; 
101108,C1475,Headphones,Electronics,0,3191.24,10,2026-09-05,Jaipur,Net Banking,COMPLETED,Quantity must be greater than 0; 
101117,C1722,Desk Lamp,Furniture,-1,1839.23,20,2026-05-14,Kolkata,Debit Card,COMPLETED,Quantity must be greater than 0; 
100583,C1992,Smartwatch,Electronics,6,7700.27,15,2026-05-26,Bengaluru,Credit Card,SHIPPED,Duplicate order_id; 
101131,C1317,Tablet,Electronics,-1,29384.26,0,2026-06-08,Kochi,Credit Card,PENDING,Quantity must be greater than 0; 
100876,C1456,Mechanical Keyboard,Electronics,1,5945.61,5,2026-08-01,Jaipur,Debit Card,COMPLETED,Duplicate order_id; 
101142,C1840,Office Chair,Furniture,2,10814.12,0,,Mumbai,Debit Card,COMPLETED,Invalid order_date; 
101163,,Backpack,Accessories,3,2248.12,0,2026-05-06,Chennai,Credit Card,PENDING,Missing customer_id; 
101182,C1190,Webcam,Electronics,-1,4837.39,20,2026-04-09,Hyderabad,Net Banking,SHIPPED,Quantity must be greater than 0; 
101191,C1192,Laptop,Electronics,6,68235.85,20,,Kolkata,Debit Card,COMPLETED,Invalid order_date; 
101206,C1514,Monitor,Electronics,-2,17235.82,15,2026-09-02,Delhi,Net Banking,COMPLETED,Quantity must be greater than 0; 
101216,C1246,Smartphone,Electronics,4,32928.24,10,2026-03-30,Chennai,UPI,SHIPPED,Duplicate order_id; 
101220,C1719,Tablet,Electronics,-5,28599.95,0,2026-06-16,Bengaluru,COD,COMPLETED,Quantity must be greater than 0; 
101222,,Smartwatch,Electronics,5,9577.12,20,2026-03-05,Delhi,UPI,COMPLETED,Missing customer_id; 
101235,C1010,Monitor,Electronics,4,17157.68,0,,Bengaluru,UPI,COMPLETED,Invalid order_date; 
101251,C1527,Mouse,Electronics,4,894.2,20,,Kolkata,Debit Card,COMPLETED,Invalid order_date; 
101281,,Smartwatch,Electronics,6,7673.93,20,2026-09-20,Jaipur,COD,CANCELLED,Missing customer_id; 
100648,C1190,Monitor,Electronics,3,13961.38,15,2026-08-13,Kolkata,Credit Card,COMPLETED,Duplicate order_id; 
101325,C1206,Mouse,Electronics,0,744.6,10,2026-01-23,Kochi,Net Banking,COMPLETED,Quantity must be greater than 0; 
101362,C1795,Backpack,Accessories,5,2410.81,0,,Bengaluru,Debit Card,SHIPPED,Invalid order_date; 
101388,C1672,SSD 1TB,Electronics,3,6254.58,0,,Kolkata,Debit Card,CANCELLED,Invalid order_date; 
101413,C1520,Power Bank,Electronics,-5,2161.28,0,2026-02-20,Kolkata,Net Banking,CANCELLED,Quantity must be greater than 0; 
101426,,Power Bank,Electronics,5,2381.19,20,2026-09-05,Bengaluru,Debit Card,CANCELLED,Missing customer_id; 
100600,C1227,SSD 1TB,Electronics,1,7228.96,15,2026-07-16,Chennai,COD,CANCELLED,Duplicate order_id; 
101430,C1932,SSD 1TB,Electronics,3,6771.16,5,2026-05-22,Hyderabad,Credit Card,COMPLETED,Duplicate order_id; 
101432,,SSD 1TB,Electronics,3,6181.4,0,2026-09-13,Mumbai,Net Banking,CANCELLED,Missing customer_id; 
101436,,Desk,Furniture,5,18892.76,20,2026-03-21,Bengaluru,Debit Card,COMPLETED,Missing customer_id; 
101439,,Office Chair,Furniture,3,12349.34,0,2026-08-12,Pune,COD,COMPLETED,Missing customer_id; 
101444,C1629,Desk,Furniture,2,18433.74,0,,Kochi,COD,PENDING,Invalid order_date; 
101449,C1758,Printer,Electronics,2,12838.88,15,,Hyderabad,Debit Card,CANCELLED,Invalid order_date; 
101452,C1454,Smartphone,Electronics,-2,39473.47,0,2026-07-27,Jaipur,Credit Card,COMPLETED,Quantity must be greater than 0; 
101468,,Mechanical Keyboard,Electronics,2,5906.65,5,2026-08-13,Hyderabad,Credit Card,COMPLETED,Missing customer_id; 
101474,C1510,Laptop Stand,Accessories,1,1854.8,0,,Delhi,Debit Card,COMPLETED,Invalid order_date; 
101486,C1770,Mechanical Keyboard,Electronics,0,5614.27,20,2026-01-08,Delhi,UPI,COMPLETED,Quantity must be greater than 0; 
101503,,Smartwatch,Electronics,6,8516.67,0,2026-04-02,Jaipur,Net Banking,COMPLETED,Missing customer_id; 
101517,,Mouse,Electronics,5,793.36,10,2026-09-24,Jaipur,Debit Card,COMPLETED,Missing customer_id; 
101525,C1853,Tablet,Electronics,1,29596.39,0,,Ahmedabad,COD,SHIPPED,Invalid order_date; 
101535,C1498,Backpack,Accessories,-1,2789.01,0,2026-05-13,Kochi,UPI,COMPLETED,Quantity must be greater than 0; 
101537,C1924,Mouse,Electronics,-5,809.1,0,2026-01-04,Jaipur,UPI,COMPLETED,Quantity must be greater than 0; 
101570,C1212,Printer,Electronics,0,12949.87,0,2026-07-26,Kochi,Net Banking,PENDING,Quantity must be greater than 0; 
101574,,Router,Electronics,5,3544.31,15,2026-02-11,Bengaluru,Net Banking,CANCELLED,Missing customer_id; 
101576,C1448,Monitor,Electronics,1,16734.76,5,,Ahmedabad,Net Banking,COMPLETED,Invalid order_date; 
101240,C1387,Smartwatch,Electronics,6,8371.9,15,2026-07-09,Delhi,COD,SHIPPED,Duplicate order_id; 
101621,C1110,Tablet,Electronics,4,30302.21,10,2026-07-25,Kochi,UPI,COMPLETED,Duplicate order_id; 
101635,C1326,USB Cable,Accessories,-2,501.05,15,2026-08-21,Kolkata,Net Banking,CANCELLED,Quantity must be greater than 0; 
101689,,Keyboard,Electronics,3,2539.96,10,2026-10-03,Bengaluru,UPI,SHIPPED,Missing customer_id; 
101691,,Backpack,Accessories,2,2155.17,10,2026-05-17,Ahmedabad,Debit Card,COMPLETED,Missing customer_id; 
101720,C1851,Router,Electronics,0,3596.46,10,2026-07-11,Kolkata,COD,SHIPPED,Quantity must be greater than 0; 
101734,C1935,Smartwatch,Electronics,-1,9044.54,0,2026-04-18,Bengaluru,Net Banking,CANCELLED,Quantity must be greater than 0; 
101391,C1622,Keyboard,Electronics,5,2794.5,5,2026-08-11,Pune,Debit Card,COMPLETED,Duplicate order_id; 
101767,C1060,Tablet,Electronics,2,25007.85,20,,Delhi,Net Banking,COMPLETED,Invalid order_date; 
101792,,Keyboard,Electronics,3,2874.58,5,2026-01-21,Delhi,COD,COMPLETED,Missing customer_id; 
101795,C1424,Mechanical Keyboard,Electronics,5,7471.83,0,,Mumbai,COD,PENDING,Invalid order_date; 
101808,C1971,Smartphone,Electronics,4,33753.55,5,,Pune,Credit Card,COMPLETED,Invalid order_date; 
101816,C1957,Mechanical Keyboard,Electronics,1,7099.05,0,,Bengaluru,Debit Card,CANCELLED,Invalid order_date; 
101828,C1972,Headphones,Electronics,2,3191.17,0,,Jaipur,Credit Card,PENDING,Invalid order_date; 
101317,C1739,Power Bank,Electronics,4,2385.72,15,2026-01-07,Hyderabad,UPI,COMPLETED,Duplicate order_id; 
101843,C1230,Headphones,Electronics,6,2724.91,15,2026-08-13,Kolkata,Net Banking,COMPLETED,Duplicate order_id; 
101861,C1087,Laptop,Electronics,-2,67563.09,20,2026-01-28,Pune,UPI,COMPLETED,Quantity must be greater than 0; 
101871,,Desk Lamp,Furniture,5,1560.51,0,2026-07-06,Hyderabad,Credit Card,PENDING,Missing customer_id; 
101874,,USB Cable,Accessories,5,426.6,10,2026-01-10,Hyderabad,Net Banking,COMPLETED,Missing customer_id; 
101908,,Webcam,Electronics,3,4786.08,0,2026-01-31,Jaipur,Credit Card,COMPLETED,Missing customer_id; 
100574,C1929,SSD 1TB,Electronics,4,6936.32,5,2026-01-24,Kolkata,Debit Card,COMPLETED,Duplicate order_id; 
101950,C1555,Tablet,Electronics,-1,31875.65,0,2026-05-10,Mumbai,Debit Card,COMPLETED,Quantity must be greater than 0; 
101951,C1660,Backpack,Accessories,4,2690.28,20,,Kolkata,Debit Card,PENDING,Invalid order_date; 
101954,C1106,Smartwatch,Electronics,0,8337.74,10,2026-03-26,Delhi,Debit Card,SHIPPED,Quantity must be greater than 0; 
101957,,Webcam,Electronics,6,3825.8,20,2026-09-16,Bengaluru,Net Banking,COMPLETED,Missing customer_id; 
102002,C1447,Smartphone,Electronics,0,31004.17,0,2026-03-04,Pune,UPI,COMPLETED,Quantity must be greater than 0; 
102015,,Power Bank,Electronics,3,2137.37,0,2026-05-29,Delhi,Net Banking,PENDING,Missing customer_id; 
102028,,Headphones,Electronics,1,2972.16,20,2026-03-09,Delhi,COD,COMPLETED,Missing customer_id; 
102032,,Router,Electronics,3,3474.93,10,2026-07-27,Hyderabad,COD,SHIPPED,Missing customer_id; 
102037,C1016,Laptop Stand,Accessories,0,1666.58,5,2026-08-27,Jaipur,Debit Card,COMPLETED,Quantity must be greater than 0; 
102041,,Desk,Furniture,5,16196.11,0,2026-03-16,Ahmedabad,Debit Card,COMPLETED,Missing customer_id; 
102076,,Keyboard,Electronics,4,2781.64,0,2026-03-17,Kolkata,Credit Card,COMPLETED,Missing customer_id; 
102100,,Laptop,Electronics,5,57397.59,15,2026-07-10,Pune,Net Banking,CANCELLED,Missing customer_id; 
102119,C1876,Monitor,Electronics,-2,14641.01,15,2026-09-12,Kolkata,UPI,SHIPPED,Quantity must be greater than 0; 
102136,,Desk,Furniture,6,19426.48,0,2026-05-20,Kochi,Credit Card,CANCELLED,Missing customer_id; 
102137,C1411,Desk Lamp,Furniture,5,1630.73,0,2026-07-14,Jaipur,COD,COMPLETED,Duplicate order_id; 
102148,,Laptop,Electronics,6,55954.64,0,2026-03-22,Delhi,UPI,CANCELLED,Missing customer_id; 
102154,C1532,Mechanical Keyboard,Electronics,-2,6560.19,10,2026-06-18,Jaipur,Credit Card,PENDING,Quantity must be greater than 0; 
102161,C1340,Mechanical Keyboard,Electronics,-2,7139.81,0,2026-08-07,Jaipur,Credit Card,COMPLETED,Quantity must be greater than 0; 
102172,,Router,Electronics,3,3228.83,5,2026-07-13,Kochi,UPI,COMPLETED,Missing customer_id; 
102175,C1212,Laptop Stand,Accessories,4,1855.14,10,,Kochi,Debit Card,COMPLETED,Invalid order_date; 
102181,,Router,Electronics,5,3339.38,15,2026-06-07,Chennai,Debit Card,COMPLETED,Missing customer_id; 
102224,C1983,Mouse,Electronics,4,829.33,0,,Mumbai,Net Banking,CANCELLED,Invalid order_date; 
102246,C1478,Mechanical Keyboard,Electronics,-5,6430.3,0,2026-03-26,Bengaluru,UPI,PENDING,Quantity must be greater than 0; 
102251,C1996,Monitor,Electronics,4,13989.26,0,2026-05-02,Jaipur,Credit Card,CANCELLED,Duplicate order_id; 
101929,C1397,Headphones,Electronics,2,3228.75,0,2026-06-21,Delhi,Debit Card,COMPLETED,Duplicate order_id; 
102258,C1602,Mechanical Keyboard,Electronics,6,6766.47,5,2026-03-02,Jaipur,Net Banking,CANCELLED,Duplicate order_id; 
102324,C1449,Laptop,Electronics,-1,61278.78,5,2026-02-05,Mumbai,UPI,COMPLETED,Quantity must be greater than 0; 
102334,C1203,Printer,Electronics,3,14645.77,15,,Delhi,UPI,PENDING,Invalid order_date; 
102335,,Webcam,Electronics,1,4603.34,5,2026-02-12,Delhi,COD,SHIPPED,Missing customer_id; 
102354,C1060,Monitor,Electronics,1,15522.62,5,,Kochi,Net Banking,COMPLETED,Invalid order_date; 
102359,C1282,Keyboard,Electronics,4,2246.41,10,,Ahmedabad,UPI,PENDING,Invalid order_date; 
102360,,SSD 1TB,Electronics,4,6175.54,10,2026-01-16,Bengaluru,Debit Card,CANCELLED,Missing customer_id; 
102369,C1272,Smartphone,Electronics,0,34218.42,0,2026-06-19,Kochi,UPI,COMPLETED,Quantity must be greater than 0; 
102371,C1020,Office Chair,Furniture,5,11049.43,20,,Kochi,Debit Card,PENDING,Invalid order_date; 
101185,C1778,Monitor,Electronics,1,13024.75,20,2026-01-04,Kochi,UPI,COMPLETED,Duplicate order_id; 
102414,C1580,Desk,Furniture,6,20119.63,0,,Pune,COD,COMPLETED,Invalid order_date; 
102417,,Mouse,Electronics,2,879.81,10,2026-07-22,Delhi,Net Banking,COMPLETED,Missing customer_id; 
102418,C1254,Tablet,Electronics,6,29240.0,0,,Kochi,Debit Card,COMPLETED,Invalid order_date; 
102421,C1048,Desk,Furniture,-1,20692.66,15,2026-05-21,Ahmedabad,COD,SHIPPED,Quantity must be greater than 0; 
102479,,Keyboard,Electronics,4,2395.91,10,2026-06-10,Bengaluru,Net Banking,SHIPPED,Missing customer_id; 
102480,C1467,Desk,Furniture,6,15787.15,15,,Jaipur,Debit Card,SHIPPED,Invalid order_date; 
101875,C1926,Printer,Electronics,4,13531.27,15,2026-05-19,Chennai,Debit Card,COMPLETED,Duplicate order_id; 
102496,C1321,Laptop,Electronics,1,68225.66,0,,Ahmedabad,COD,COMPLETED,Invalid order_date; 
102498,C1423,Smartwatch,Electronics,5,9197.33,20,,Pune,Credit Card,PENDING,Invalid order_date; 
102508,C1368,Backpack,Accessories,-2,2376.67,0,2026-07-06,Chennai,Credit Card,COMPLETED,Quantity must be greater than 0; 
102512,C1019,USB Cable,Accessories,3,545.82,15,,Chennai,UPI,CANCELLED,Invalid order_date; 
102530,C1342,Power Bank,Electronics,-5,2013.86,15,2026-06-28,Kolkata,UPI,SHIPPED,Quantity must be greater than 0; 
102539,C1687,Headphones,Electronics,-5,3346.27,0,2026-08-23,Pune,Debit Card,PENDING,Quantity must be greater than 0; 
102151,C1442,USB Cable,Accessories,6,434.49,0,2026-08-31,Chennai,UPI,COMPLETED,Duplicate order_id; 
102548,C1920,Headphones,Electronics,-5,2798.5,0,2026-01-28,Bengaluru,COD,COMPLETED,Quantity must be greater than 0; 
101973,C1187,Laptop Stand,Accessories,3,1997.41,10,2026-09-10,Delhi,Net Banking,CANCELLED,Duplicate order_id; 
102586,,Backpack,Accessories,2,2203.19,15,2026-01-10,Kolkata,COD,CANCELLED,Missing customer_id; 
102622,C1822,Laptop,Electronics,2,51326.88,0,,Mumbai,UPI,COMPLETED,Invalid order_date; 
102578,C1608,Router,Electronics,4,3643.78,0,2026-08-09,Delhi,Debit Card,COMPLETED,Duplicate order_id; 
102646,,Laptop Stand,Accessories,5,2005.7,5,2026-05-16,Kolkata,COD,CANCELLED,Missing customer_id; 
102651,,Desk,Furniture,6,19132.68,5,2026-07-09,Pune,Net Banking,PENDING,Missing customer_id; 
102658,C1335,Smartphone,Electronics,0,32073.52,0,2026-04-25,Ahmedabad,COD,COMPLETED,Quantity must be greater than 0; 
102662,C1759,Smartphone,Electronics,5,38477.55,0,2026-06-10,Mumbai,COD,COMPLETED,Duplicate order_id; 
102674,C1029,Webcam,Electronics,3,4792.6,20,,Kolkata,Credit Card,PENDING,Invalid order_date; 
102692,C1309,Backpack,Accessories,-5,2353.55,20,2026-09-23,Jaipur,COD,PENDING,Quantity must be greater than 0; 
102695,C1263,Desk Lamp,Furniture,6,1793.81,5,,Delhi,Credit Card,PENDING,Invalid order_date; 
102715,,USB Cable,Accessories,4,513.22,10,2026-05-23,Kochi,COD,COMPLETED,Missing customer_id; 
102718,,Webcam,Electronics,6,4042.75,0,2026-04-10,Ahmedabad,Net Banking,COMPLETED,Missing customer_id; 
102728,C1725,Laptop,Electronics,4,68148.02,5,,Chennai,UPI,CANCELLED,Invalid order_date; 
102743,C1299,Smartwatch,Electronics,5,7725.48,0,,Kolkata,COD,COMPLETED,Invalid order_date; 
102778,C1185,Monitor,Electronics,4,15861.79,5,2026-06-17,Delhi,Debit Card,CANCELLED,Duplicate order_id; 
102785,,Power Bank,Electronics,2,1932.83,0,2026-07-29,Ahmedabad,Debit Card,COMPLETED,Missing customer_id; 
102787,C1629,Backpack,Accessories,-1,2403.03,0,2026-07-09,Jaipur,Debit Card,CANCELLED,Quantity must be greater than 0; 
102797,,Tablet,Electronics,4,28715.69,0,2026-07-11,Bengaluru,Debit Card,CANCELLED,Missing customer_id; 
102801,C1137,Power Bank,Electronics,3,1950.03,15,2026-08-07,Kolkata,COD,COMPLETED,Duplicate order_id; 
100900,C1583,Keyboard,Electronics,1,2739.69,20,2026-01-08,Ahmedabad,Credit Card,CANCELLED,Duplicate order_id; 
102827,C1894,Tablet,Electronics,-2,25364.83,0,2026-07-22,Mumbai,Debit Card,COMPLETED,Quantity must be greater than 0; 
102844,,Printer,Electronics,1,14651.36,5,2026-03-14,Mumbai,UPI,COMPLETED,Missing customer_id; 
102910,C1883,Laptop,Electronics,1,63748.2,0,,Kochi,COD,SHIPPED,Invalid order_date; 
102914,C1960,Laptop,Electronics,2,56360.65,5,,Delhi,UPI,CANCELLED,Invalid order_date; 
102918,,Keyboard,Electronics,2,2843.65,0,2026-04-25,Pune,COD,COMPLETED,Missing customer_id; 
102922,C1999,USB Cable,Accessories,2,559.06,15,,Hyderabad,Net Banking,SHIPPED,Invalid order_date; 
102923,C1793,Monitor,Electronics,5,13640.84,0,,Kolkata,Net Banking,SHIPPED,Invalid order_date; 
102925,C1476,Router,Electronics,1,2734.14,15,,Hyderabad,Credit Card,COMPLETED,Invalid order_date; 
102948,C1515,Power Bank,Electronics,-2,2172.95,0,2026-07-16,Kolkata,Credit Card,PENDING,Quantity must be greater than 0; 
102976,C1227,SSD 1TB,Electronics,6,6050.29,20,2026-08-08,Kolkata,Credit Card,SHIPPED,Duplicate order_id; 
103011,C1520,Office Chair,Furniture,4,11936.12,15,2026-03-28,Pune,Debit Card,COMPLETED,Duplicate order_id; 
103012,C1882,Power Bank,Electronics,6,2116.33,20,2026-07-20,Mumbai,COD,COMPLETED,Duplicate order_id; 
103038,C1528,Tablet,Electronics,6,29731.22,0,,Kolkata,COD,COMPLETED,Invalid order_date; 
102348,C1552,SSD 1TB,Electronics,4,6594.58,0,2026-04-19,Kolkata,Debit Card,COMPLETED,Duplicate order_id; 
103045,C1413,Mechanical Keyboard,Electronics,-2,6242.1,0,2026-02-14,Ahmedabad,Debit Card,PENDING,Quantity must be greater than 0; 
102830,C1057,Printer,Electronics,6,14384.57,15,2026-05-20,Bengaluru,COD,COMPLETED,Duplicate order_id; 
103078,C1429,Mechanical Keyboard,Electronics,1,6349.82,10,,Kochi,Net Banking,COMPLETED,Invalid order_date; 
103105,C1804,USB Cable,Accessories,3,561.29,0,2026-03-19,Kolkata,COD,COMPLETED,Duplicate order_id; 
103126,,Mechanical Keyboard,Electronics,3,7445.19,20,2026-05-08,Kochi,COD,COMPLETED,Missing customer_id; 
100470,C1608,Backpack,Accessories,2,2845.39,5,2026-06-29,Pune,Credit Card,COMPLETED,Duplicate order_id; 
103157,C1417,Smartphone,Electronics,-5,32214.7,20,2026-07-29,Bengaluru,Net Banking,COMPLETED,Quantity must be greater than 0; 
103160,C1027,Keyboard,Electronics,0,2841.17,15,2026-01-03,Bengaluru,Net Banking,COMPLETED,Quantity must be greater than 0; 
103163,,Laptop Stand,Accessories,5,1706.25,5,2026-05-16,Kolkata,Net Banking,COMPLETED,Missing customer_id; 
103182,C1158,Headphones,Electronics,4,3443.61,15,,Mumbai,Net Banking,SHIPPED,Invalid order_date; 
103193,C1613,Router,Electronics,4,2753.01,15,,Pune,UPI,COMPLETED,Invalid order_date; 
103198,C1461,Tablet,Electronics,0,29671.7,0,2026-03-12,Delhi,COD,PENDING,Quantity must be greater than 0; 
103205,C1454,Desk Lamp,Furniture,3,1632.34,20,2026-07-18,Delhi,COD,COMPLETED,Duplicate order_id; 
103209,C1973,Office Chair,Furniture,3,11997.34,10,2026-07-24,Pune,Debit Card,COMPLETED,Duplicate order_id; 
103212,C1876,USB Cable,Accessories,3,527.49,0,2026-02-06,Chennai,Net Banking,COMPLETED,Duplicate order_id; 
103232,C1250,Laptop Stand,Accessories,2,2054.38,5,2026-01-16,Pune,COD,SHIPPED,Duplicate order_id; 
103245,C1780,Smartphone,Electronics,2,34002.36,10,2026-04-18,Ahmedabad,Debit Card,PENDING,Duplicate order_id; 
103250,C1835,Laptop,Electronics,6,65895.36,0,,Chennai,COD,COMPLETED,Invalid order_date; 
100705,C1140,Keyboard,Electronics,6,2411.66,15,2026-04-27,Chennai,Credit Card,PENDING,Duplicate order_id; 
103289,C1562,Smartphone,Electronics,2,34890.97,0,,Delhi,UPI,PENDING,Invalid order_date; 
103291,C1654,Headphones,Electronics,4,3166.78,5,2026-05-15,Bengaluru,Debit Card,PENDING,Duplicate order_id; 
103307,C1723,Webcam,Electronics,-1,4370.73,0,2026-04-05,Delhi,UPI,COMPLETED,Quantity must be greater than 0; 
103322,C1342,Headphones,Electronics,4,3433.65,5,,Pune,COD,COMPLETED,Invalid order_date; 
103325,C1414,Smartwatch,Electronics,6,8651.35,0,2026-08-15,Hyderabad,Net Banking,SHIPPED,Duplicate order_id; 
103352,C1124,Webcam,Electronics,3,4502.62,15,2026-06-18,Hyderabad,COD,COMPLETED,Duplicate order_id; 
103425,,Printer,Electronics,6,13695.83,0,2026-05-06,Mumbai,Credit Card,COMPLETED,Missing customer_id; 
103432,C1129,Printer,Electronics,-1,14897.14,0,2026-09-09,Ahmedabad,Credit Card,CANCELLED,Quantity must be greater than 0; 
103445,,Laptop,Electronics,3,67392.74,5,2026-08-26,Mumbai,Debit Card,COMPLETED,Missing customer_id; 
103455,C1872,Power Bank,Electronics,0,2316.94,10,2026-05-27,Chennai,COD,COMPLETED,Quantity must be greater than 0; 
103526,C1597,Laptop Stand,Accessories,3,1835.42,0,,Pune,Debit Card,PENDING,Invalid order_date; 
103530,C1337,Printer,Electronics,-5,14347.39,10,2026-02-05,Mumbai,COD,COMPLETED,Quantity must be greater than 0; 
103570,,Router,Electronics,1,3210.72,20,2026-08-15,Chennai,Credit Card,COMPLETED,Missing customer_id; 
103588,C1870,Desk Lamp,Furniture,-5,1657.0,15,2026-02-11,Pune,Credit Card,COMPLETED,Quantity must be greater than 0; 
103595,C1135,Backpack,Accessories,2,2178.75,20,,Bengaluru,Credit Card,COMPLETED,Invalid order_date; 
103601,C1477,Router,Electronics,5,3398.17,15,,Chennai,Net Banking,COMPLETED,Invalid order_date; 
103606,,SSD 1TB,Electronics,3,7912.95,5,2026-08-30,Mumbai,COD,SHIPPED,Missing customer_id; 
103639,,Monitor,Electronics,2,14918.23,0,2026-04-22,Kochi,Credit Card,COMPLETED,Missing customer_id; 
101666,C1624,Desk Lamp,Furniture,5,1839.48,10,2026-07-29,Kolkata,Debit Card,PENDING,Duplicate order_id; 
103670,C1794,SSD 1TB,Electronics,3,6319.03,0,2026-04-01,Chennai,COD,COMPLETED,Duplicate order_id; 
103671,,Power Bank,Electronics,3,1883.74,0,2026-04-15,Pune,UPI,PENDING,Missing customer_id; 
103675,C1264,Backpack,Accessories,1,2726.93,10,2026-04-14,Kolkata,UPI,PENDING,Duplicate order_id; 
103680,,Laptop,Electronics,2,65371.57,0,2026-08-18,Bengaluru,Debit Card,SHIPPED,Missing customer_id; 
103700,C1691,Tablet,Electronics,-5,27060.24,5,2026-08-16,Ahmedabad,Debit Card,CANCELLED,Quantity must be greater than 0; 
100300,C1878,USB Cable,Accessories,4,562.21,10,2026-07-31,Chennai,COD,PENDING,Duplicate order_id; 
103711,C1885,USB Cable,Accessories,-1,489.48,0,2026-01-07,Kolkata,Debit Card,SHIPPED,Quantity must be greater than 0; 
103723,,Smartphone,Electronics,1,32987.43,0,2026-08-19,Delhi,Credit Card,PENDING,Missing customer_id; 
103728,C1490,Desk,Furniture,1,16400.45,0,,Bengaluru,COD,CANCELLED,Invalid order_date; 
103731,,Monitor,Electronics,4,15226.7,0,2026-06-25,Kochi,COD,COMPLETED,Missing customer_id; 
103745,,Tablet,Electronics,5,31004.57,10,2026-05-17,Pune,Credit Card,COMPLETED,Missing customer_id; 
101803,C1721,USB Cable,Accessories,4,457.28,5,2026-06-08,Ahmedabad,Debit Card,COMPLETED,Duplicate order_id; 
103796,C1641,USB Cable,Accessories,5,479.66,0,2026-03-29,Bengaluru,Debit Card,COMPLETED,Duplicate order_id; 
103830,C1626,Laptop,Electronics,-1,55897.89,0,2026-08-28,Hyderabad,Credit Card,SHIPPED,Quantity must be greater than 0; 
101511,C1849,Tablet,Electronics,1,29191.85,0,2026-03-15,Kolkata,Debit Card,PENDING,Duplicate order_id; 
100682,C1582,Webcam,Electronics,6,3929.22,0,2026-09-05,Mumbai,Net Banking,CANCELLED,Duplicate order_id; 
103847,,Webcam,Electronics,4,3840.41,0,2026-09-18,Jaipur,Net Banking,COMPLETED,Missing customer_id; 
103851,,USB Cable,Accessories,1,467.29,10,2026-09-22,Chennai,COD,COMPLETED,Missing customer_id; 
103860,,Smartphone,Electronics,6,31204.75,20,2026-06-24,Mumbai,Net Banking,COMPLETED,Missing customer_id; 
103875,C1766,Backpack,Accessories,3,2809.31,5,,Pune,UPI,COMPLETED,Invalid order_date; 
102497,C1575,Power Bank,Electronics,6,2063.4,20,2026-03-14,Kochi,COD,SHIPPED,Duplicate order_id; 
103887,C1610,SSD 1TB,Electronics,4,6035.85,15,2026-04-16,Kochi,COD,SHIPPED,Duplicate order_id; 
103890,,Desk Lamp,Furniture,4,1442.75,15,2026-01-17,Chennai,COD,CANCELLED,Missing customer_id; 
103901,C1234,Smartwatch,Electronics,2,8105.72,0,,Jaipur,UPI,COMPLETED,Invalid order_date; 
103903,C1134,Mechanical Keyboard,Electronics,4,6628.43,20,2026-09-05,Mumbai,COD,SHIPPED,Duplicate order_id; 
103905,C1177,Smartwatch,Electronics,-1,8929.5,15,2026-07-20,Hyderabad,Debit Card,COMPLETED,Quantity must be greater than 0; 
103638,C1515,Laptop Stand,Accessories,3,1905.22,20,2026-05-01,Kochi,COD,PENDING,Duplicate order_id; 
103929,C1918,Backpack,Accessories,5,2496.56,10,,Pune,Net Banking,COMPLETED,Invalid order_date; 
103933,C1051,Smartwatch,Electronics,3,7675.61,0,,Pune,Net Banking,COMPLETED,Invalid order_date; 
103943,,Headphones,Electronics,2,2938.15,0,2026-06-04,Jaipur,Credit Card,SHIPPED,Missing customer_id; 
103974,,Tablet,Electronics,5,24184.27,0,2026-01-19,Kochi,Net Banking,COMPLETED,Missing customer_id; 
103985,C1016,Mouse,Electronics,2,763.88,20,,Chennai,Debit Card,COMPLETED,Invalid order_date; 
103986,C1245,Printer,Electronics,6,13902.63,20,,Kolkata,Credit Card,COMPLETED,Invalid order_date; 
103988,C1289,Mechanical Keyboard,Electronics,4,6837.93,0,2026-02-22,Mumbai,Debit Card,CANCELLED,Duplicate order_id; 
103989,C1058,USB Cable,Accessories,-1,568.3,0,2026-06-22,Pune,UPI,CANCELLED,Quantity must be greater than 0; 
103836,C1884,Router,Electronics,4,3132.0,10,2026-02-23,Bengaluru,Credit Card,CANCELLED,Duplicate order_id; 
104025,C1247,Keyboard,Electronics,6,2752.39,0,2026-01-14,Ahmedabad,COD,SHIPPED,Duplicate order_id; 
101939,C1897,SSD 1TB,Electronics,1,6537.96,15,2026-01-12,Hyderabad,UPI,COMPLETED,Duplicate order_id; 
104045,C1572,Monitor,Electronics,4,16677.21,20,2026-06-13,Jaipur,COD,COMPLETED,Duplicate order_id; 
104047,,SSD 1TB,Electronics,3,6775.6,5,2026-04-17,Kochi,COD,CANCELLED,Missing customer_id; 
104078,,USB Cable,Accessories,3,532.97,0,2026-02-13,Bengaluru,UPI,SHIPPED,Missing customer_id; 
102130,C1164,Printer,Electronics,2,13740.14,0,2026-01-09,Delhi,Net Banking,SHIPPED,Duplicate order_id; 
104097,C1260,SSD 1TB,Electronics,3,7860.75,0,,Chennai,UPI,SHIPPED,Invalid order_date; 
104101,C1367,Laptop,Electronics,3,65726.09,15,2026-07-28,Kochi,COD,CANCELLED,Duplicate order_id; 
104104,,Router,Electronics,5,2905.38,5,2026-08-16,Hyderabad,Credit Card,COMPLETED,Missing customer_id; 
103968,C1667,Tablet,Electronics,5,27541.3,0,2026-06-06,Delhi,Credit Card,CANCELLED,Duplicate order_id; 
104114,,Mechanical Keyboard,Electronics,2,5560.73,0,2026-06-19,Jaipur,Net Banking,COMPLETED,Missing customer_id; 
104115,C1452,Office Chair,Furniture,-5,12961.4,15,2026-02-23,Bengaluru,Net Banking,COMPLETED,Quantity must be greater than 0; 
104125,C1992,Smartwatch,Electronics,4,8719.0,0,,Kochi,UPI,CANCELLED,Invalid order_date; 
104126,C1004,Printer,Electronics,2,13985.05,0,,Hyderabad,Debit Card,SHIPPED,Invalid order_date; 
104127,C1700,Office Chair,Furniture,3,11197.57,20,2026-01-23,Jaipur,Net Banking,PENDING,Duplicate order_id; 
104135,C1096,Webcam,Electronics,3,4712.75,15,2026-01-02,Jaipur,COD,PENDING,Duplicate order_id; 
104150,C1006,Printer,Electronics,4,13946.61,10,,Delhi,Credit Card,CANCELLED,Invalid order_date; 
103819,C1826,Smartwatch,Electronics,4,9360.72,0,2026-05-11,Jaipur,COD,SHIPPED,Duplicate order_id; 
104166,C1331,USB Cable,Accessories,6,557.16,5,,Kolkata,COD,SHIPPED,Invalid order_date; 
104186,C1681,Desk,Furniture,5,17857.2,15,2026-04-28,Kochi,Credit Card,COMPLETED,Duplicate order_id; 
103598,C1757,Webcam,Electronics,6,4812.13,20,2026-07-18,Ahmedabad,UPI,CANCELLED,Duplicate order_id; 
104196,C1400,Router,Electronics,-5,2795.69,0,2026-01-18,Ahmedabad,UPI,COMPLETED,Quantity must be greater than 0; 
104202,C1078,Laptop Stand,Accessories,3,1976.45,5,2026-03-02,Ahmedabad,Credit Card,COMPLETED,Duplicate order_id; 
104211,C1456,Tablet,Electronics,0,31523.66,10,2026-08-21,Kochi,COD,PENDING,Quantity must be greater than 0; 
104213,,Keyboard,Electronics,2,2333.23,0,2026-03-11,Kochi,Credit Card,SHIPPED,Missing customer_id; 
104215,C1679,Keyboard,Electronics,0,2561.07,0,2026-07-12,Delhi,COD,PENDING,Quantity must be greater than 0; 
101868,C1186,Backpack,Accessories,1,2852.72,15,2026-06-26,Pune,UPI,COMPLETED,Duplicate order_id; 
104227,,Mechanical Keyboard,Electronics,6,6543.39,0,2026-03-13,Bengaluru,Credit Card,CANCELLED,Missing customer_id; 
104252,,Router,Electronics,4,2807.47,20,2026-07-12,Mumbai,COD,COMPLETED,Missing customer_id; 
104266,C1793,Mechanical Keyboard,Electronics,2,6110.36,0,2026-04-07,Pune,Credit Card,COMPLETED,Duplicate order_id; 
104269,C1180,Keyboard,Electronics,-5,2800.88,0,2026-03-26,Pune,Net Banking,PENDING,Quantity must be greater than 0; 
104274,,Desk Lamp,Furniture,6,1659.24,15,2026-04-01,Jaipur,Net Banking,PENDING,Missing customer_id; 
104275,C1425,Keyboard,Electronics,2,2495.18,0,2026-03-07,Bengaluru,UPI,COMPLETED,Duplicate order_id; 
104307,C1525,Desk,Furniture,1,18069.5,0,,Hyderabad,UPI,COMPLETED,Invalid order_date; 
104318,C1376,Mouse,Electronics,5,757.96,15,2026-08-19,Kolkata,COD,COMPLETED,Duplicate order_id; 
104329,,Desk Lamp,Furniture,4,1704.85,15,2026-01-24,Kolkata,UPI,SHIPPED,Missing customer_id; 
104332,C1308,Mechanical Keyboard,Electronics,3,5700.23,20,2026-05-28,Mumbai,Credit Card,COMPLETED,Duplicate order_id; 
104337,,Keyboard,Electronics,5,2773.98,5,2026-01-20,Ahmedabad,COD,COMPLETED,Missing customer_id; 
104341,C1217,Router,Electronics,5,3543.66,20,,Mumbai,Credit Card,SHIPPED,Invalid order_date; 
103302,C1332,Keyboard,Electronics,1,2312.63,5,2026-09-04,Ahmedabad,Net Banking,COMPLETED,Duplicate order_id; 
104358,,Backpack,Accessories,2,2306.14,10,2026-01-17,Jaipur,Debit Card,COMPLETED,Missing customer_id; 
104368,,Mechanical Keyboard,Electronics,3,6240.91,15,2026-02-12,Mumbai,Debit Card,CANCELLED,Missing customer_id; 
104390,C1737,Headphones,Electronics,2,3402.37,0,,Ahmedabad,Net Banking,COMPLETED,Invalid order_date; 
104405,,Headphones,Electronics,3,3387.31,0,2026-04-29,Pune,Debit Card,PENDING,Missing customer_id; 
104445,,Keyboard,Electronics,5,2729.82,0,2026-01-23,Bengaluru,Net Banking,COMPLETED,Missing customer_id; 
104457,,Desk Lamp,Furniture,5,1470.37,15,2026-03-18,Delhi,Credit Card,COMPLETED,Missing customer_id; 
104470,C1257,Power Bank,Electronics,3,2022.06,15,2026-09-27,Mumbai,COD,SHIPPED,Duplicate order_id; 
104472,C1045,Mechanical Keyboard,Electronics,2,6578.65,5,2026-06-03,Pune,COD,SHIPPED,Duplicate order_id; 
104506,C1213,Desk,Furniture,-2,17921.84,10,2026-02-07,Kochi,Debit Card,COMPLETED,Quantity must be greater than 0; 
104522,C1351,Desk Lamp,Furniture,4,1456.22,0,,Chennai,Net Banking,PENDING,Invalid order_date; 
104523,C1300,Webcam,Electronics,6,5061.34,20,,Hyderabad,Debit Card,SHIPPED,Invalid order_date; 
101299,C1934,Laptop Stand,Accessories,1,1652.4,5,2026-03-17,Pune,Debit Card,COMPLETED,Duplicate order_id; 
103278,C1026,USB Cable,Accessories,5,546.55,20,2026-03-06,Ahmedabad,Net Banking,COMPLETED,Duplicate order_id; 
104544,C1969,Printer,Electronics,-5,14378.18,20,2026-06-24,Kolkata,Debit Card,CANCELLED,Quantity must be greater than 0; 
104547,C1964,Monitor,Electronics,2,15448.71,0,,Bengaluru,Credit Card,PENDING,Invalid order_date; 
104564,C1823,Headphones,Electronics,0,2966.62,0,2026-01-14,Bengaluru,Credit Card,CANCELLED,Quantity must be greater than 0; 
104569,C1454,Printer,Electronics,-2,13777.7,0,2026-09-27,Mumbai,Debit Card,CANCELLED,Quantity must be greater than 0; 
104576,C1567,Desk,Furniture,5,19293.04,15,2026-06-16,Kolkata,COD,PENDING,Duplicate order_id; 
104579,C1881,Power Bank,Electronics,-1,2207.11,20,2026-02-01,Ahmedabad,Credit Card,CANCELLED,Quantity must be greater than 0; 
104585,,Monitor,Electronics,4,14668.67,0,2026-06-24,Chennai,Net Banking,COMPLETED,Missing customer_id; 
101655,C1874,Printer,Electronics,2,14135.41,0,2026-07-19,Hyderabad,Net Banking,COMPLETED,Duplicate order_id; 
104599,C1110,SSD 1TB,Electronics,2,6313.74,0,,Hyderabad,UPI,COMPLETED,Invalid order_date; 
104604,C1254,Office Chair,Furniture,-2,12860.93,10,2026-04-30,Hyderabad,COD,CANCELLED,Quantity must be greater than 0; 
104606,,USB Cable,Accessories,6,547.43,0,2026-05-21,Kolkata,Debit Card,SHIPPED,Missing customer_id; 
104607,C1663,Mechanical Keyboard,Electronics,2,7019.67,20,2026-03-27,Jaipur,COD,SHIPPED,Duplicate order_id; 
104613,,USB Cable,Accessories,6,481.83,20,2026-01-06,Ahmedabad,COD,SHIPPED,Missing customer_id; 
103948,C1504,Desk Lamp,Furniture,2,1707.58,15,2026-02-01,Chennai,Net Banking,COMPLETED,Duplicate order_id; 
104651,,Power Bank,Electronics,6,1942.84,0,2026-03-15,Kolkata,Debit Card,COMPLETED,Missing customer_id; 
104654,C1207,Laptop Stand,Accessories,1,1700.48,15,2026-07-08,Hyderabad,Credit Card,SHIPPED,Duplicate order_id; 
104677,C1245,Smartwatch,Electronics,-5,9439.82,20,2026-05-25,Ahmedabad,COD,COMPLETED,Quantity must be greater than 0; 
100996,C1498,Desk,Furniture,5,19690.92,10,2026-07-04,Chennai,Debit Card,COMPLETED,Duplicate order_id; 
104713,C1050,Mouse,Electronics,4,692.17,20,2026-05-08,Kochi,COD,COMPLETED,Duplicate order_id; 
100237,C1923,Desk Lamp,Furniture,3,1764.41,10,2026-01-22,Kolkata,UPI,COMPLETED,Duplicate order_id; 
104727,C1633,Router,Electronics,5,3641.94,5,,Pune,COD,COMPLETED,Invalid order_date; 
104742,C1212,Smartwatch,Electronics,-5,8960.57,20,2026-08-11,Delhi,COD,PENDING,Quantity must be greater than 0; 
104743,,Headphones,Electronics,2,3050.0,0,2026-03-28,Ahmedabad,COD,COMPLETED,Missing customer_id; 
104769,C1545,Backpack,Accessories,6,2719.41,0,,Bengaluru,Debit Card,PENDING,Invalid order_date; 
104772,C1312,USB Cable,Accessories,1,431.51,0,2026-02-03,Kolkata,UPI,COMPLETED,Duplicate order_id; 
104764,C1547,Router,Electronics,4,2875.49,0,2026-01-28,Chennai,Debit Card,PENDING,Duplicate order_id; 
104778,,Backpack,Accessories,3,2773.58,0,2026-09-14,Jaipur,Net Banking,CANCELLED,Missing customer_id; 
104783,C1984,Smartwatch,Electronics,6,8737.4,0,,Delhi,UPI,COMPLETED,Invalid order_date; 
104789,,Mechanical Keyboard,Electronics,6,6069.25,0,2026-06-27,Pune,Debit Card,CANCELLED,Missing customer_id; 
104799,,Backpack,Accessories,1,2644.7,15,2026-05-31,Delhi,UPI,SHIPPED,Missing customer_id; 
104819,,Webcam,Electronics,3,4574.47,10,2026-04-28,Pune,COD,COMPLETED,Missing customer_id; 
104828,,Monitor,Electronics,2,13295.78,20,2026-05-11,Kolkata,Net Banking,COMPLETED,Missing customer_id; 
101233,C1026,Desk Lamp,Furniture,2,1397.21,0,2026-09-30,Bengaluru,COD,SHIPPED,Duplicate order_id; 
104851,C1069,SSD 1TB,Electronics,3,6950.45,0,,Pune,Credit Card,COMPLETED,Invalid order_date; 
104858,,Smartwatch,Electronics,3,8587.36,0,2026-06-15,Kochi,Net Banking,COMPLETED,Missing customer_id; 
104865,C1588,Monitor,Electronics,3,14258.66,0,2026-08-13,Mumbai,Credit Card,SHIPPED,Duplicate order_id; 
104869,C1149,Monitor,Electronics,0,16695.34,0,2026-04-10,Hyderabad,COD,COMPLETED,Quantity must be greater than 0; 
104887,,Mouse,Electronics,4,690.55,5,2026-05-20,Chennai,UPI,COMPLETED,Missing customer_id; 
104890,C1084,Smartphone,Electronics,-1,35039.21,15,2026-08-23,Chennai,Credit Card,COMPLETED,Quantity must be greater than 0; 
104901,,Keyboard,Electronics,1,2426.4,20,2026-06-08,Pune,Net Banking,CANCELLED,Missing customer_id; 
104908,,Mechanical Keyboard,Electronics,3,6875.07,5,2026-03-29,Kochi,COD,SHIPPED,Missing customer_id; 
104925,,Backpack,Accessories,2,2200.64,0,2026-03-05,Pune,UPI,PENDING,Missing customer_id; 
104930,,Office Chair,Furniture,1,11046.06,15,2026-09-11,Pune,Debit Card,PENDING,Missing customer_id; 
104932,,Desk,Furniture,2,19366.33,0,2026-01-26,Jaipur,Debit Card,COMPLETED,Missing customer_id; 
104938,C1448,USB Cable,Accessories,4,478.55,0,2026-06-22,Pune,Debit Card,PENDING,Duplicate order_id; 
104954,,Webcam,Electronics,2,4554.55,0,2026-04-22,Kolkata,UPI,COMPLETED,Missing customer_id; 
104960,,Webcam,Electronics,3,3988.47,0,2026-09-11,Delhi,Debit Card,COMPLETED,Missing customer_id; 
104983,C1361,Monitor,Electronics,-2,15447.73,15,2026-07-17,Bengaluru,COD,COMPLETED,Quantity must be greater than 0; 
104989,,Keyboard,Electronics,2,2609.05,20,2026-04-15,Jaipur,Net Banking,PENDING,Missing customer_id; 
104995,C1609,Tablet,Electronics,4,25373.3,20,,Mumbai,COD,COMPLETED,Invalid order_date; 
104999,,Laptop Stand,Accessories,3,2065.24,20,2026-09-19,Jaipur,UPI,COMPLETED,Missing customer_id; 
